ID,Link,Date,League,Boost Activation Time,Boost Stop Time,Boost Duration,Multitap LVL,CPT Before Boost,CPT With Boost,Boost Multiplicator,Count of Taps,Taps Per Second,Coins Per Second,Balance Before Boost,Balance After Boost,Boost Income,Energy Limit,Autoclicker Used
1,https://www.youtube.com/watch?v=WOjtJGibIlo,01/20/2024,Platinum,0:05:29,0:05:39,0:00:10,10,11,22,2,239,23.9,525.8,6127550,6132808,5258,6000,Y
2,https://www.youtube.com/watch?v=pEu4AZjEDHk,01/07/2024,Gold,0:07:41,0:07:53,0:00:12,7,8,80,10,59,5.0,396.3,3070498,3075254,4756,5500,N
3,https://www.youtube.com/watch?v=pEu4AZjEDHk,01/07/2024,Gold,0:08:00,0:08:11,0:00:11,7,8,40,5,61,5.5,221.9,3075722,3078163,2441,5500,N
4,https://www.youtube.com/watch?v=pEu4AZjEDHk,01/07/2024,Gold,0:08:46,0:08:58,0:00:12,7,8,40,5,62,5.1,205.4,3078602,3081067,2465,5500,N
5,https://www.youtube.com/watch?v=pEu4AZjEDHk,01/07/2024,Gold,0:13:59,0:14:11,0:00:12,7,8,40,5,64,5.3,212.0,3184202,3186746,2544,5500,N
6,https://www.youtube.com/watch?v=pEu4AZjEDHk,01/07/2024,Gold,0:21:50,0:22:01,0:00:11,7,8,48,6,106,9.6,460.5,3215566,3220631,5065,5500,Y
7,https://www.youtube.com/watch?v=pEu4AZjEDHk,01/07/2024,Gold,0:22:42,0:22:54,0:00:12,7,8,40,5,130,10.9,434.4,3223928,3229141,5213,5500,Y
8,https://www.youtube.com/watch?v=pEu4AZjEDHk,01/07/2024,Gold,0:23:11,0:23:22,0:00:11,7,8,40,5,107,9.7,388.8,3231378,3235655,4277,5500,Y
9,https://www.youtube.com/watch?v=4sx9VaXqNxk,01/15/2024,Gold,0:07:07,0:07:17,0:00:10,9,10,100,10,49,4.9,488.6,1119580,1124466,4886,5000,N
10,https://www.youtube.com/watch?v=lHe5viNyYk0,02/22/2024,Gold,0:03:37,0:03:49,0:00:12,10,11,55,5,37,3.1,171.0,86097,88149,2052,6000,N
11,https://www.youtube.com/watch?v=lHe5viNyYk0,02/22/2024,Gold,0:05:36,0:05:47,0:00:11,10,11,55,5,43,3.9,213.8,87076,89428,2352,6000,N
12,https://www.youtube.com/watch?v=lHe5viNyYk0,02/22/2024,Gold,0:06:58,0:07:10,0:00:12,10,11,22,2,56,4.7,102.7,89548,90780,1232,6000,N
13,https://www.youtube.com/watch?v=t_tHQjJhoro,02/04/2024,Bronze,0:09:35,0:09:46,0:00:11,0,1,6,6,62,5.6,33.7,49,420,371,1000,N
14,https://www.youtube.com/watch?v=t_tHQjJhoro,02/04/2024,Silver,0:15:18,0:15:28,0:00:10,7,8,120,15,39,3.9,468.7,49919,54606,4687,5500,N
15,https://www.youtube.com/watch?v=t_tHQjJhoro,02/04/2024,Silver,0:15:58,0:16:09,0:00:11,7,8,80,10,54,4.9,393.0,62315,66638,4323,5500,N
16,https://www.youtube.com/watch?v=WN1u6ipjNFA,03/18/2024,Diamond,0:02:56,0:03:08,0:00:12,8,9,45,5,52,4.3,193.6,25513518,25515841,2323,5500,N
17,https://www.youtube.com/watch?v=3x0M4vf7ayw,03/16/2024,Diamond,0:04:53,0:05:03,0:00:10,5,6,30,5,81,8.1,241.8,12440945,12443363,2418,3500,Y
18,https://www.youtube.com/watch?v=iuF4BYQpTEc,03/07/2024,Bronze,0:05:17,0:05:27,0:00:10,0,1,5,5,66,6.6,33.2,1211,1543,332,1000,N
19,https://www.youtube.com/watch?v=iuF4BYQpTEc,03/07/2024,Bronze,0:05:42,0:05:52,0:00:10,0,1,2,2,60,6.0,11.9,1598,1717,119,1000,N
20,https://www.youtube.com/watch?v=TkF3MksrKxk,02/26/2024,Gold,0:02:50,0:03:02,0:00:12,8,9,63,7,60,5.0,313.2,183247,187005,3758,4000,N
21,https://www.youtube.com/watch?v=sd2sDrol8mM,02/15/2024,Diamond,0:01:09,0:01:21,0:00:12,8,9,63,7,54,4.5,282.9,15147796,15151191,3395,5000,N
22,https://www.youtube.com/watch?v=sd2sDrol8mM,02/15/2024,Diamond,0:02:59,0:03:09,0:00:10,8,9,63,7,21,2.1,131.5,15148074,15149389,1315,5000,N
23,https://www.youtube.com/watch?v=DGBCA6Pag50,03/27/2024,Platinum,0:04:35,0:04:45,0:00:10,11,12,24,2,58,5.8,140.3,4198529,4199932,1403,6000,N
24,https://www.youtube.com/watch?v=DGBCA6Pag50,03/27/2024,Platinum,0:05:05,0:05:11,0:00:06,11,12,24,2,60,10.1,241.5,4201013,4202462,1449,6000,N
25,https://www.youtube.com/watch?v=ENb1BWexDns,03/28/2024,Bronze,0:01:32,0:01:42,0:00:10,0,1,5,5,55,5.5,27.7,2519,2796,277,1000,N
26,https://www.youtube.com/watch?v=ENb1BWexDns,03/28/2024,Bronze,0:09:11,0:09:21,0:00:10,1,2,20,10,88,8.8,175.5,3102,4857,1755,2000,N
27,https://www.youtube.com/watch?v=ENb1BWexDns,03/28/2024,Bronze,0:10:31,0:10:41,0:00:10,1,2,12,6,97,9.7,116.1,5292,6453,1161,2000,N
28,https://www.youtube.com/watch?v=ENb1BWexDns,03/28/2024,Silver,0:10:58,0:11:08,0:00:10,1,2,10,5,98,9.8,97.6,6626,7602,976,2000,N
29,https://www.youtube.com/watch?v=9d5HjC5p7sg,01/08/2024,Gold,0:03:18,0:03:29,0:00:11,3,4,120,30,90,8.2,978.5,412209,422973,10764,1500,N
30,https://www.youtube.com/watch?v=9d5HjC5p7sg,01/08/2024,Gold,0:03:49,0:04:09,0:00:20,3,4,24,6,110,5.5,131.9,424561,427199,2638,1500,N
31,https://www.youtube.com/watch?v=215swIgQknQ,01/11/2024,Bronze,0:00:26,0:00:36,0:00:10,0,1,6,6,40,4.0,23.9,2523,2762,239,1000,N
32,https://www.youtube.com/watch?v=Dh9iRx0JqU0,01/13/2024,Platinum,0:03:08,0:03:18,0:00:10,12,13,65,5,230,23.0,1493.3,1995641,2010574,14933,7500,Y
33,https://www.youtube.com/watch?v=lQlXkjd0TE4,02/18/2024,Platinum,0:05:29,0:05:39,0:00:10,9,10,50,5,147,14.7,737.1,9997104,10004475,7371,3500,N
34,https://www.youtube.com/watch?v=lQlXkjd0TE4,02/18/2024,Platinum,0:05:54,0:06:04,0:00:10,9,10,20,2,158,15.8,316.3,10005494,10008657,3163,3500,N
35,https://www.youtube.com/watch?v=lQlXkjd0TE4,02/18/2024,Platinum,0:06:19,0:06:28,0:00:09,9,10,20,2,177,19.7,393.7,10008754,10012297,3543,3500,N
36,https://www.youtube.com/watch?v=lQlXkjd0TE4,02/18/2024,Platinum,0:07:06,0:07:16,0:00:10,9,10,20,2,156,15.6,311.2,10013104,10016216,3112,3500,N
37,https://www.youtube.com/watch?v=lQlXkjd0TE4,02/18/2024,Platinum,0:07:31,0:07:40,0:00:09,9,10,20,2,164,18.2,363.7,10016934,10020207,3273,3500,N
38,https://www.youtube.com/watch?v=lQlXkjd0TE4,02/18/2024,Platinum,0:08:12,0:08:21,0:00:09,9,10,20,2,143,15.9,317.4,10021634,10024491,2857,3500,N
39,https://www.youtube.com/watch?v=lQlXkjd0TE4,02/18/2024,Platinum,0:08:38,0:08:48,0:00:10,9,10,100,10,140,14.0,1404.0,10024974,10039014,14040,3500,N
40,https://www.youtube.com/watch?v=lQlXkjd0TE4,02/18/2024,Platinum,0:09:19,0:09:29,0:00:10,9,10,50,5,176,17.6,878.0,10039014,10047794,8780,3500,N
41,https://www.youtube.com/watch?v=lQlXkjd0TE4,02/18/2024,Platinum,0:09:44,0:09:53,0:00:09,9,10,70,7,180,20.0,1396.7,10047794,10060364,12570,3500,N
42,https://www.youtube.com/watch?v=lQlXkjd0TE4,02/18/2024,Platinum,0:10:09,0:10:19,0:00:10,9,10,70,7,144,14.4,1006.9,10061834,10071903,10069,3500,N
43,https://www.youtube.com/watch?v=lQlXkjd0TE4,02/18/2024,Platinum,0:10:34,0:10:43,0:00:09,9,10,70,7,176,19.5,1366.6,10073384,10085683,12299,3500,N
44,https://www.youtube.com/watch?v=lQlXkjd0TE4,02/18/2024,Platinum,0:10:58,0:11:08,0:00:10,9,10,20,2,186,18.6,372.5,10087414,10091139,3725,3500,N
45,https://www.youtube.com/watch?v=lQlXkjd0TE4,02/18/2024,Platinum,0:11:22,0:11:32,0:00:10,9,10,20,2,165,16.5,329.3,10091904,10095197,3293,3500,N
46,https://www.youtube.com/watch?v=lQlXkjd0TE4,02/18/2024,Platinum,0:11:47,0:11:56,0:00:09,9,10,20,2,163,18.1,362.2,10095894,10099154,3260,3500,N
47,https://www.youtube.com/watch?v=lQlXkjd0TE4,02/18/2024,Platinum,0:12:34,0:12:44,0:00:10,9,10,150,15,141,14.1,2112.0,10099734,10120854,21120,3500,N
48,https://www.youtube.com/watch?v=lQlXkjd0TE4,02/18/2024,Platinum,0:12:59,0:13:09,0:00:10,9,10,20,2,194,19.4,387.3,10120854,10124727,3873,3500,N
49,https://www.youtube.com/watch?v=lQlXkjd0TE4,02/18/2024,Platinum,0:13:24,0:13:34,0:00:10,9,10,50,5,185,18.5,927.0,10126024,10135294,9270,3500,N
50,https://www.youtube.com/watch?v=lQlXkjd0TE4,02/18/2024,Platinum,0:14:10,0:14:19,0:00:09,9,10,70,7,168,18.6,1304.4,10136584,10148324,11740,3500,N
51,https://www.youtube.com/watch?v=8xozjC7LFIo,03/13/2024,Platinum,0:03:41,0:03:51,0:00:10,9,10,20,2,339,33.9,678.0,4068883,4075663,6780,7000,Y
52,https://www.youtube.com/watch?v=LvyM3Vbajqk,01/07/2024,Silver,0:03:48,0:03:58,0:00:10,2,3,18,6,82,8.2,148.1,8295,9776,1481,1500,N
53,https://www.youtube.com/watch?v=NOpvwp6qHRs,01/07/2024,Gold,0:06:11,0:06:23,0:00:12,9,10,50,5,29,2.4,122.4,1526141,1527610,1469,5500,N
54,https://www.youtube.com/watch?v=NOpvwp6qHRs,01/07/2024,Gold,0:08:24,0:08:35,0:00:11,9,10,150,15,110,10.0,1505.5,1534574,1551134,16560,5500,N
55,https://www.youtube.com/watch?v=NOpvwp6qHRs,01/07/2024,Gold,0:08:44,0:08:55,0:00:11,9,10,50,5,106,9.7,483.9,1551034,1556357,5323,5500,N
56,https://www.youtube.com/watch?v=NOpvwp6qHRs,01/07/2024,Gold,0:09:06,0:09:17,0:00:11,9,10,60,6,111,10.1,607.0,1556734,1563411,6677,5500,N
57,https://www.youtube.com/watch?v=WHBQBLfARUo,01/07/2024,Bronze,0:03:37,0:03:47,0:00:10,2,3,15,5,86,8.6,129.7,429,1726,1297,1500,N
58,https://www.youtube.com/watch?v=WHBQBLfARUo,01/07/2024,Bronze,0:04:48,0:04:58,0:00:10,2,3,18,6,99,9.9,177.9,2718,4497,1779,1500,N
59,https://www.youtube.com/watch?v=WHBQBLfARUo,01/07/2024,Bronze,0:05:11,0:05:22,0:00:11,2,3,15,5,110,10.0,149.5,4251,5895,1644,1500,N
60,https://www.youtube.com/watch?v=WHBQBLfARUo,01/07/2024,Silver,0:05:30,0:05:40,0:00:10,2,3,18,6,125,12.5,225.3,5895,8148,2253,1500,N
61,https://www.youtube.com/watch?v=UZo34kA709I,01/05/2024,Silver,0:07:28,0:07:38,0:00:10,6,7,35,5,55,5.5,191.8,678206,680124,1918,4000,N
62,https://www.youtube.com/watch?v=UZo34kA709I,01/05/2024,Silver,0:07:42,0:07:52,0:00:10,6,7,42,6,61,6.1,257.6,680124,682700,2576,4000,N
63,https://www.youtube.com/watch?v=PpEcN_hYbKE,01/22/2024,Platinum,0:06:10,0:06:21,0:00:11,8,9,18,2,75,6.8,122.1,4932303,4933646,1343,5000,N
64,https://www.youtube.com/watch?v=IX9U5LLadyc,01/07/2024,Gold,0:03:05,0:03:15,0:00:10,9,10,50,5,149,14.9,746.5,240680,248145,7465,5500,N
65,https://www.youtube.com/watch?v=qqBlcQl3F_I,03/13/2024,Diamond,0:00:25,0:00:35,0:00:10,12,13,26,2,119,11.9,310.6,32287194,32290300,3106,7000,Y
66,https://www.youtube.com/watch?v=M-Qq_mV6Jt8,01/02/2024,Bronze,0:00:28,0:00:38,0:00:10,0,1,10,10,100,10.0,100.2,50032,51034,1002,1000,N
67,https://www.youtube.com/watch?v=13UTVTPcpts,01/05/2024,Gold,0:03:14,0:03:24,0:00:10,12,13,65,5,129,12.9,838.2,3275237,3283619,8382,6500,N
68,https://www.youtube.com/watch?v=EaOwh2AUM2A,01/08/2024,Bronze,0:03:50,0:04:00,0:00:10,5,6,36,6,53,5.3,190.7,22424,24331,1907,1000,N
69,https://www.youtube.com/watch?v=EaOwh2AUM2A,01/08/2024,Bronze,0:04:11,0:04:21,0:00:10,5,6,30,5,52,5.2,155.9,24484,26043,1559,1000,N
70,https://www.youtube.com/watch?v=EaOwh2AUM2A,01/08/2024,Bronze,0:04:25,0:04:34,0:00:09,5,6,36,6,39,4.3,154.4,26302,27692,1390,1000,N
71,https://www.youtube.com/watch?v=EaOwh2AUM2A,01/08/2024,Silver,0:07:56,0:08:05,0:00:09,5,6,36,6,55,6.1,219.2,8512,10485,1973,1000,N
72,https://www.youtube.com/watch?v=EaOwh2AUM2A,01/08/2024,Silver,0:08:31,0:08:40,0:00:09,5,6,30,5,47,5.3,158.0,10798,12220,1422,1000,N
73,https://www.youtube.com/watch?v=ub82kBbXWG4,02/05/2024,Bronze,0:01:34,0:01:44,0:00:10,0,1,5,5,75,7.5,37.6,25009,25385,376,1000,N
74,https://www.youtube.com/watch?v=0dV_hpPxIX8,01/10/2024,Gold,0:01:05,0:01:15,0:00:10,9,10,60,6,170,17.0,1022.8,5121157,5131385,10228,4500,Y
75,https://www.youtube.com/shorts/Ix_cXvgIL80,01/12/2024,Platinum,0:00:07,0:00:17,0:00:10,11,12,1200,100,142,14.2,17089.7,40824067,40994964,170897,6500,N
76,https://www.youtube.com/watch?v=q16KYiwUfss,03/06/2024,Diamond,0:01:58,0:02:09,0:00:11,11,12,24,2,56,5.1,121.6,37240174,37241512,1338,6000,N
77,https://www.youtube.com/watch?v=1eoJrS_efm4,01/06/2024,Platinum,0:00:38,0:00:48,0:00:10,10,11,66,6,182,18.2,1204.1,1581255,1593296,12041,6500,Y
78,https://www.youtube.com/watch?v=1eoJrS_efm4,01/06/2024,Platinum,0:02:32,0:02:42,0:00:10,10,11,66,6,190,19.0,1257.2,1603190,1615762,12572,6500,Y
79,https://www.youtube.com/watch?v=1eoJrS_efm4,01/06/2024,Platinum,0:03:59,0:04:09,0:00:10,10,11,165,15,169,16.9,2789.1,1626729,1654620,27891,6500,Y
80,https://www.youtube.com/watch?v=1eoJrS_efm4,01/06/2024,Platinum,0:04:13,0:04:23,0:00:10,10,11,55,5,282,28.2,1548.8,1666185,1681673,15488,6500,Y
81,https://www.youtube.com/watch?v=1eoJrS_efm4,01/06/2024,Platinum,0:06:08,0:06:18,0:00:10,10,11,55,5,168,16.8,924.6,1669009,1678255,9246,6500,Y
82,https://www.youtube.com/watch?v=4PmUIPHVUfk,01/07/2024,Silver,0:00:15,0:00:25,0:00:10,1,2,20,10,78,7.8,156.0,1562749,1564309,1560,1000,N
83,https://www.youtube.com/watch?v=4PmUIPHVUfk,01/07/2024,Silver,0:00:32,0:00:41,0:00:09,1,2,12,6,73,8.1,97.3,1564483,1565359,876,1000,N
84,https://www.youtube.com/watch?v=4PmUIPHVUfk,01/07/2024,Silver,0:00:52,0:01:02,0:00:10,1,2,10,5,92,9.2,91.8,2002727,2003645,918,1000,N
85,https://www.youtube.com/watch?v=kfFaRI1P_K0,01/09/2024,Gold,0:00:15,0:00:25,0:00:10,11,12,60,5,159,15.9,953.1,221581,231112,9531,6000,N
86,https://www.youtube.com/watch?v=kfFaRI1P_K0,01/09/2024,Gold,0:00:32,0:00:42,0:00:10,11,12,72,6,162,16.2,1166.6,232357,244023,11666,6000,N
87,https://www.youtube.com/watch?v=kfFaRI1P_K0,01/09/2024,Gold,0:05:35,0:05:45,0:00:10,11,12,60,5,149,14.9,891.8,344697,353615,8918,6000,N
88,https://www.youtube.com/watch?v=pwl3IuFM9rY,01/14/2024,Bronze,0:06:27,0:06:37,0:00:10,7,8,120,15,63,6.3,755.2,344090,351642,7552,3500,N
89,https://www.youtube.com/watch?v=pwl3IuFM9rY,01/14/2024,Bronze,0:07:34,0:07:44,0:00:10,7,8,80,10,42,4.2,336.1,473161,476522,3361,3500,N
90,https://www.youtube.com/watch?v=pwl3IuFM9rY,01/14/2024,Bronze,0:09:20,0:09:31,0:00:11,7,8,80,10,118,10.7,857.4,459310,468741,9431,3500,N
91,https://www.youtube.com/watch?v=lywrE_vYCPM,01/12/2024,Bronze,0:00:57,0:01:08,0:00:11,0,1,10,10,68,6.2,61.8,2609,3289,680,1000,N
92,https://www.youtube.com/watch?v=lywrE_vYCPM,01/12/2024,Bronze,0:04:57,0:05:08,0:00:11,2,3,45,15,58,5.3,238.3,1057,3678,2621,2000,N
93,https://www.youtube.com/watch?v=oCsEC6WIjG8,02/10/2024,Platinum,0:01:39,0:01:49,0:00:10,7,8,16,2,49,4.9,78.4,5863566,5864350,784,4500,N
94,https://www.youtube.com/watch?v=nQkTxmy8D9s,01/16/2024,Bronze,0:00:44,0:00:55,0:00:11,3,4,60,15,39,3.5,210.5,19054,21370,2316,1000,N
95,https://www.youtube.com/shorts/R5FneHBX-TU,01/12/2024,Gold,0:00:11,0:00:21,0:00:10,10,11,110,10,143,14.3,1574.1,403392,419133,15741,6000,N
96,https://www.youtube.com/shorts/3d-X_9dniAo,03/11/2024,Diamond,0:00:05,0:00:15,0:00:10,13,14,28,2,144,14.4,403.7,16086983,16091020,4037,6500,N
97,https://www.youtube.com/shorts/sTrVFNNNQYM,02/27/2024,Gold,0:00:09,0:00:19,0:00:10,8,9,63,7,71,7.1,450.1,363828,368329,4501,5000,N
98,https://www.youtube.com/watch?v=ihJAj1_Dadw,03/27/2024,Diamond,0:15:09,0:15:21,0:00:12,13,14,98,7,46,3.8,376.7,18702839,18707359,4520,7000,N
99,https://www.youtube.com/watch?v=ihJAj1_Dadw,03/27/2024,Diamond,0:15:38,0:15:50,0:00:12,13,14,28,2,145,12.1,338.5,18707401,18711463,4062,7000,N
100,https://www.youtube.com/watch?v=ihJAj1_Dadw,03/27/2024,Diamond,0:16:06,0:16:18,0:00:12,13,14,28,2,132,11.0,306.8,18711543,18715225,3682,7000,N
101,https://www.youtube.com/watch?v=qvQj7uTr14s,11/29/2023,Silver,0:02:00,0:02:09,0:00:09,16,17,34,2,119,13.2,448.6,230670,234707,4037,7300,N
102,https://www.youtube.com/watch?v=qvQj7uTr14s,11/29/2023,Silver,0:03:31,0:03:41,0:00:10,16,17,51,3,61,6.1,311.9,236295,239414,3119,7300,N
103,https://www.youtube.com/watch?v=Icwy9DbChsA,03/03/2024,Gold,0:01:31,0:01:40,0:00:09,3,4,28,7,41,4.6,129.0,2672695,2673856,1161,2000,N
104,https://www.youtube.com/watch?v=Icwy9DbChsA,03/03/2024,Gold,0:02:26,0:02:35,0:00:09,3,4,8,2,37,4.1,32.6,2674311,2674604,293,2000,N
105,https://www.youtube.com/watch?v=bCd9qvOVR3U,01/05/2024,Gold,0:02:51,0:03:01,0:00:10,6,7,42,6,49,4.9,206.5,11225842,11227907,2065,4000,N
106,https://www.youtube.com/watch?v=bCd9qvOVR3U,01/05/2024,Gold,0:03:45,0:03:54,0:00:09,6,7,42,6,50,5.6,233.8,11260540,11262644,2104,4000,N
107,https://www.youtube.com/watch?v=bCd9qvOVR3U,01/05/2024,Gold,0:05:02,0:05:11,0:00:09,6,7,70,10,54,6.0,420.7,11265424,11269210,3786,4000,N
108,https://www.youtube.com/watch?v=bCd9qvOVR3U,01/05/2024,Gold,0:05:17,0:05:27,0:00:10,6,7,350,50,55,5.5,1923.9,11270080,11289319,19239,4000,N
109,https://www.youtube.com/watch?v=EdilqbdR7Ck,01/05/2024,Gold,0:01:46,0:01:56,0:00:10,11,12,72,6,71,7.1,514.3,16634068,16639211,5143,6500,N
110,https://www.youtube.com/watch?v=EdilqbdR7Ck,01/05/2024,Gold,0:02:05,0:02:16,0:00:11,11,12,60,5,68,6.2,370.1,16639672,16643743,4071,6500,N
111,https://www.youtube.com/watch?v=EdilqbdR7Ck,01/05/2024,Gold,0:02:23,0:02:33,0:00:10,11,12,60,5,62,6.2,373.0,16644172,16647902,3730,6500,N
112,https://www.youtube.com/watch?v=EdilqbdR7Ck,01/05/2024,Gold,0:02:40,0:02:50,0:00:10,11,12,60,5,66,6.6,396.5,16648300,16652265,3965,6500,N
113,https://www.youtube.com/watch?v=EdilqbdR7Ck,01/05/2024,Gold,0:03:09,0:03:20,0:00:11,11,12,60,5,66,6.0,358.2,16652704,16656644,3940,6500,N
114,https://www.youtube.com/watch?v=EdilqbdR7Ck,01/05/2024,Gold,0:03:30,0:03:40,0:00:10,11,12,60,5,66,6.6,397.4,16657072,16661046,3974,6500,N
115,https://www.youtube.com/watch?v=EdilqbdR7Ck,01/05/2024,Gold,0:03:54,0:04:04,0:00:10,11,12,72,6,60,6.0,435.5,16661404,16665759,4355,6500,N
116,https://www.youtube.com/watch?v=Qll9SOfHewo,01/27/2024,Gold,0:02:33,0:02:44,0:00:11,6,7,49,7,48,4.3,212.2,3679715,3682049,2334,4500,N
117,https://www.youtube.com/watch?v=yXHyPuwJq_I,02/01/2024,Platinum,0:06:30,0:06:40,0:00:10,5,6,12,2,56,5.5,66.6,20145199,20145865,666,2500,N
118,https://www.youtube.com/watch?v=yXHyPuwJq_I,02/01/2024,Platinum,0:06:51,0:07:00,0:00:09,5,6,42,7,49,5.4,227.1,20146054,20148098,2044,2500,N
119,https://www.youtube.com/watch?v=O-UKOo-PXcc,01/09/2024,Bronze,0:00:35,0:00:45,0:00:10,0,1,6,6,102,10.2,61.0,2500,3110,610,1000,N
120,https://www.youtube.com/watch?v=O-UKOo-PXcc,01/09/2024,Silver,0:07:35,0:07:45,0:00:10,3,4,20,5,109,10.9,218.7,2636,4823,2187,2500,N
121,https://www.youtube.com/watch?v=O-UKOo-PXcc,01/09/2024,Silver,0:08:01,0:08:11,0:00:10,3,4,20,5,111,11.1,221.0,5159,7369,2210,2500,N
122,https://www.youtube.com/watch?v=ytYQNlLG-TY,01/02/2024,Bronze,0:01:39,0:01:49,0:00:10,0,1,6,6,112,11.2,67.3,2500,3173,673,1000,N
123,https://www.youtube.com/watch?v=ytYQNlLG-TY,01/02/2024,Bronze,0:02:54,0:03:04,0:00:10,0,1,5,5,152,15.2,76.1,2500,3261,761,1000,N
124,https://www.youtube.com/watch?v=shw2mYKttws,01/12/2024,Gold,0:02:52,0:03:02,0:00:10,10,11,550,50,71,7.1,3911.8,587585,626703,39118,6000,N
125,https://www.youtube.com/watch?v=shw2mYKttws,01/12/2024,Gold,0:03:08,0:03:18,0:00:10,10,11,1100,100,94,9.4,10316.8,627370,730538,103168,6000,N
126,https://www.youtube.com/watch?v=Rh3eraSaF2E,01/03/2024,Bronze,0:03:08,0:03:18,0:00:10,1,2,10,5,91,9.1,91.0,3330,4240,910,1500,N
127,https://www.youtube.com/watch?v=Rh3eraSaF2E,01/03/2024,Bronze,0:00:10,0:00:20,0:00:10,1,2,20,10,93,9.3,185.7,4344,6201,1857,1500,N
128,https://www.youtube.com/watch?v=Rh3eraSaF2E,01/03/2024,Silver,0:00:10,0:00:20,0:00:10,1,2,10,5,91,9.1,90.7,6418,7325,907,1500,N
129,https://www.youtube.com/watch?v=Rh3eraSaF2E,01/03/2024,Silver,0:00:10,0:00:20,0:00:10,1,2,30,15,123,12.3,368.1,10599,14280,3681,1500,N
130,https://www.youtube.com/watch?v=Rh3eraSaF2E,01/03/2024,Silver,0:00:10,0:00:20,0:00:10,1,2,10,5,103,10.3,103.3,16575,17608,1033,1500,N
131,https://www.youtube.com/watch?v=E0r8M3fmcOU,01/05/2024,Gold,0:05:53,0:06:03,0:00:10,10,11,66,6,54,5.4,359.5,210335,213930,3595,6000,N
132,https://www.youtube.com/watch?v=loXA790qMY8,02/20/2024,Bronze,0:08:45,0:08:55,0:00:10,0,1,2,2,60,5.9,11.9,33,152,119,1000,N
133,https://www.youtube.com/watch?v=loXA790qMY8,02/20/2024,Bronze,0:12:00,0:12:10,0:00:10,0,1,7,7,133,13.3,93.4,542,1476,934,1000,N
134,https://www.youtube.com/watch?v=99l0vCPZZnE,01/07/2024,Silver,0:04:46,0:04:56,0:00:10,2,3,15,5,53,5.3,79.8,214732,215530,798,2000,N
135,https://www.youtube.com/watch?v=Ury2Pmg60gM,01/11/2024,Bronze,0:04:45,0:04:55,0:00:10,0,1,5,5,55,5.5,27.5,2805,3080,275,1000,N
136,https://www.youtube.com/watch?v=Ury2Pmg60gM,01/11/2024,Bronze,0:09:56,0:10:05,0:00:09,2,3,15,5,49,5.5,82.3,1423,2164,741,1500,N
137,https://www.youtube.com/watch?v=H2AgAjVZUa4&t=17s,01/13/2024,Platinum,0:07:47,0:07:59,0:00:12,7,8,800,100,62,5.2,4150.0,12999928,13049728,49800,5000,Y
138,https://www.youtube.com/watch?v=7yvBy0rvhuk,01/12/2024,Gold,0:08:28,0:08:38,0:00:10,7,8,120,15,61,6.1,729.2,2248623,2255915,7292,4000,N
139,https://www.youtube.com/watch?v=7yvBy0rvhuk,01/12/2024,Gold,0:09:00,0:09:10,0:00:10,7,8,48,6,56,5.6,268.8,2257167,2259855,2688,4000,N
140,https://www.youtube.com/shorts/KaKQDeIZMjM,01/12/2024,Silver,0:00:15,0:00:25,0:00:10,1,2,12,6,57,5.7,67.8,18481,19159,678,1500,N
141,https://www.youtube.com/shorts/_6W44peLwlE,02/10/2024,Platinum,0:00:14,0:00:24,0:00:10,7,8,40,5,130,13.0,519.6,14349049,14354245,5196,4500,N
142,https://www.youtube.com/shorts/0YwJ8RbAxgw,01/11/2024,Gold,0:00:08,0:00:18,0:00:10,8,9,45,5,306,30.6,1378.8,1714543,1728331,13788,5000,Y
143,https://www.youtube.com/shorts/FmMcNhZDeiA,01/28/2024,Platinum,0:00:34,0:00:42,0:00:08,9,10,70,7,84,10.5,736.0,8334249,8340137,5888,5500,N
144,https://www.youtube.com/shorts/Ff_HvbbV4GI,01/07/2024,Gold,0:00:00,0:00:10,0:00:10,11,12,120,10,105,10.5,1260.3,13034154,13046757,12603,5500,N
145,https://www.youtube.com/shorts/Ff_HvbbV4GI,01/07/2024,Gold,0:00:00,0:00:10,0:00:10,11,12,60,5,103,10.3,619.3,13046792,13052985,6193,5500,N
146,https://www.youtube.com/shorts/Ff_HvbbV4GI,01/07/2024,Gold,0:00:00,0:00:10,0:00:10,11,12,60,5,95,9.5,571.2,13053057,13058769,5712,5500,N
147,https://www.youtube.com/shorts/Ff_HvbbV4GI,01/07/2024,Gold,0:00:00,0:00:10,0:00:10,11,12,72,6,99,9.9,709.2,13058841,13065933,7092,5500,N
148,https://www.youtube.com/shorts/Ff_HvbbV4GI,01/07/2024,Gold,0:00:00,0:00:10,0:00:10,11,12,60,5,97,9.7,579.6,13066029,13071825,5796,5500,N
149,https://www.youtube.com/shorts/Ff_HvbbV4GI,01/07/2024,Gold,0:00:00,0:00:10,0:00:10,11,12,60,5,94,9.4,566.1,13071864,13077525,5661,5500,N
150,https://www.youtube.com/shorts/Ff_HvbbV4GI,01/07/2024,Gold,0:00:00,0:00:10,0:00:10,11,12,120,10,105,10.5,1262.5,13077553,13090178,12625,5500,N
151,https://www.youtube.com/shorts/Ff_HvbbV4GI,01/07/2024,Gold,0:00:00,0:00:10,0:00:10,11,12,60,5,99,9.9,593.7,13090285,13096222,5937,5500,N
152,https://www.youtube.com/shorts/Ff_HvbbV4GI,01/07/2024,Gold,0:00:00,0:00:10,0:00:10,11,12,72,6,98,9.8,704.4,13096257,13103301,7044,5500,N
153,https://www.youtube.com/shorts/Ff_HvbbV4GI,01/07/2024,Gold,0:00:00,0:00:10,0:00:10,11,12,60,5,97,9.7,579.2,13103365,13109157,5792,5500,N
154,https://www.youtube.com/shorts/Ff_HvbbV4GI,01/07/2024,Gold,0:00:00,0:00:10,0:00:10,11,12,60,5,97,9.7,579.1,13109249,13115040,5791,5500,N
155,https://www.youtube.com/shorts/Ff_HvbbV4GI,01/07/2024,Gold,0:00:00,0:00:10,0:00:10,11,12,72,6,85,8.5,610.7,13115110,13121217,6107,5500,N
156,https://www.youtube.com/shorts/Ff_HvbbV4GI,01/07/2024,Gold,0:00:00,0:00:10,0:00:10,11,12,60,5,87,8.7,521.3,13121416,13126629,5213,5500,N
157,https://www.youtube.com/shorts/Ff_HvbbV4GI,01/07/2024,Gold,0:00:00,0:00:10,0:00:10,11,12,72,6,91,9.1,656.4,13126761,13133325,6564,5500,N
158,https://www.youtube.com/shorts/Ff_HvbbV4GI,01/07/2024,Gold,0:00:00,0:00:10,0:00:10,11,12,60,5,90,9.0,540.0,13133505,13138905,5400,5500,N
159,https://www.youtube.com/shorts/Ff_HvbbV4GI,01/07/2024,Gold,0:00:00,0:00:10,0:00:10,11,12,72,6,95,9.5,681.0,13138929,13145739,6810,5500,N
160,https://www.youtube.com/shorts/Ff_HvbbV4GI,01/07/2024,Gold,0:00:00,0:00:10,0:00:10,11,12,60,5,95,9.5,570.0,13145769,13151469,5700,5500,N
161,https://www.youtube.com/shorts/Ff_HvbbV4GI,01/07/2024,Gold,0:00:00,0:00:10,0:00:10,11,12,60,5,93,9.3,559.4,13151659,13157253,5594,5500,N
162,https://www.youtube.com/shorts/Ff_HvbbV4GI,01/07/2024,Gold,0:00:00,0:00:10,0:00:10,11,12,60,5,97,9.7,579.7,13157300,13163097,5797,5500,N
163,https://www.youtube.com/shorts/Ff_HvbbV4GI,01/07/2024,Gold,0:00:00,0:00:10,0:00:10,11,12,72,6,93,9.3,668.3,13163097,13169780,6683,5500,N
164,https://www.youtube.com/shorts/Ff_HvbbV4GI,01/07/2024,Gold,0:00:00,0:00:10,0:00:10,11,12,360,30,106,10.6,3822.0,13169997,13208217,38220,5500,N
165,https://www.youtube.com/shorts/Ff_HvbbV4GI,01/07/2024,Gold,0:00:00,0:00:10,0:00:10,11,12,72,6,87,8.7,628.8,13208229,13214517,6288,5500,N
166,https://www.youtube.com/shorts/Ff_HvbbV4GI,01/07/2024,Gold,0:00:00,0:00:10,0:00:10,11,12,60,5,94,9.4,564.0,13214517,13220157,5640,5500,N
167,https://www.youtube.com/shorts/R7T7WfpqoXc,01/06/2024,Silver,0:00:01,0:00:09,0:00:08,7,8,40,5,70,8.8,351.4,50479,53290,2811,5000,N
168,https://www.youtube.com/shorts/lb-vExuLW9Q,01/05/2024,Bronze,0:00:44,0:00:54,0:00:10,0,1,5,5,75,7.5,37.3,57346,57719,373,1000,N
169,https://www.youtube.com/shorts/1yPZ7MbuPn4,02/27/2024,Gold,0:00:06,0:00:16,0:00:10,8,9,45,5,96,9.6,432.8,355553,359881,4328,5000,N
170,https://www.youtube.com/shorts/1yPZ7MbuPn4,02/27/2024,Gold,0:00:41,0:00:51,0:00:10,8,9,63,7,29,2.9,182.5,360921,362746,1825,5000,N
171,https://www.youtube.com/watch?v=xxwDs1MvlP4,02/01/2024,Platinum,0:07:38,0:07:48,0:00:10,10,11,55,5,53,5.3,290.7,7921960,7924867,2907,6000,N
172,https://www.youtube.com/watch?v=cNP8vQufLy8,01/14/2024,Gold,0:15:41,0:15:51,0:00:10,9,10,150,15,34,3.4,508.4,357424,362508,5084,6000,N
173,https://www.youtube.com/watch?v=QAl05sXiPnY,01/17/2024,Gold,0:00:46,0:00:56,0:00:10,9,10,100,10,44,4.4,440.4,1863084,1867488,4404,6000,N
174,https://www.youtube.com/watch?v=fd0VehJ7Sp0,01/18/2024,Gold,0:03:21,0:03:32,0:00:11,9,10,150,15,60,5.4,815.3,245812,254780,8968,6000,N
175,https://www.youtube.com/watch?v=25ZzNbFbiGo,01/24/2024,Platinum,0:01:52,0:02:03,0:00:11,11,12,24,2,133,12.1,289.9,6688408,6691597,3189,6500,N
176,https://www.youtube.com/watch?v=25ZzNbFbiGo,01/24/2024,Platinum,0:03:12,0:03:22,0:00:10,11,12,60,5,74,7.4,444.3,6699040,6703483,4443,6500,N
177,https://www.youtube.com/watch?v=25ZzNbFbiGo,01/24/2024,Platinum,0:04:42,0:04:52,0:00:10,11,12,24,2,144,14.4,344.5,6709876,6713321,3445,6500,N
178,https://www.youtube.com/watch?v=25ZzNbFbiGo,01/24/2024,Platinum,0:05:07,0:05:18,0:00:11,11,12,84,7,119,10.8,909.6,6713978,6723984,10006,6500,N
179,https://www.youtube.com/watch?v=25ZzNbFbiGo,01/24/2024,Platinum,0:05:24,0:05:34,0:00:10,11,12,60,5,32,3.2,190.9,6726067,6727976,1909,6500,N
180,https://www.youtube.com/watch?v=25ZzNbFbiGo,01/24/2024,Platinum,0:05:47,0:05:58,0:00:11,11,12,84,7,128,11.6,976.8,6728306,6739051,10745,6500,N
181,https://www.youtube.com/watch?v=25ZzNbFbiGo,01/24/2024,Platinum,0:06:42,0:06:53,0:00:11,11,12,24,2,119,10.9,260.5,6737800,6740666,2866,6500,N
182,https://www.youtube.com/shorts/jiZe5wO_tnU,02/11/2024,Diamond,0:00:12,0:00:22,0:00:10,10,11,22,2,152,15.2,334.8,13133145,13136493,3348,6000,Y
183,https://www.youtube.com/watch?v=79m1jeS3YmI,01/05/2024,Gold,0:01:13,0:01:23,0:00:10,9,10,50,5,45,4.5,226.5,267429,269694,2265,5500,N
184,https://www.youtube.com/watch?v=Hot6Sj_b_X0,01/15/2024,Gold,0:00:17,0:00:27,0:00:10,9,10,150,15,63,6.3,951.1,477661,487172,9511,5500,N
185,https://www.youtube.com/watch?v=Hot6Sj_b_X0,01/15/2024,Gold,0:00:41,0:00:52,0:00:11,9,10,100,10,53,4.8,479.1,483521,488791,5270,5500,N
186,https://www.youtube.com/watch?v=Hot6Sj_b_X0,01/15/2024,Gold,0:01:08,0:01:18,0:00:10,9,10,100,10,53,5.3,529.2,489381,494673,5292,5500,N
187,https://www.youtube.com/watch?v=zwcOMKOB_SY,02/15/2024,Platinum,0:03:35,0:03:45,0:00:10,10,11,55,5,94,9.4,518.1,6392919,6398100,5181,6000,N
188,https://www.youtube.com/shorts/NdONQHpK9-c,03/18/2024,Silver,0:00:13,0:00:23,0:00:10,0,1,5,5,74,7.4,36.9,8010,8379,369,1000,N
189,https://www.youtube.com/watch?v=hOBMYTxfRNc,03/20/2024,Gold,0:04:44,0:04:54,0:00:10,4,5,10,2,17,1.7,17.2,1945460,1945632,172,2000,N
190,https://www.youtube.com/watch?v=m5VIqiqzoXw,02/07/2024,Platinum,0:02:31,0:02:41,0:00:10,9,10,20,2,157,15.7,314.8,5282597,5285745,3148,3500,N
191,https://www.youtube.com/watch?v=m5VIqiqzoXw,02/07/2024,Platinum,0:04:16,0:04:26,0:00:10,9,10,70,7,129,12.9,904.2,5292841,5301883,9042,3500,N
192,https://www.youtube.com/watch?v=m5VIqiqzoXw,02/07/2024,Platinum,0:04:36,0:04:46,0:00:10,9,10,20,2,149,14.9,297.6,5301883,5304859,2976,3500,N
193,https://www.youtube.com/watch?v=m5VIqiqzoXw,02/07/2024,Platinum,0:04:57,0:05:07,0:00:10,9,10,20,2,141,14.1,281.7,5305247,5308064,2817,3500,N
194,https://www.youtube.com/watch?v=nkoZ1ke6mSE,01/06/2024,Gold,0:07:19,0:07:29,0:00:10,4,5,25,5,53,5.3,133.5,415630,416965,1335,3000,N
195,https://www.youtube.com/watch?v=LidH6drzFpc,01/10/2024,Gold,0:18:02,0:18:13,0:00:11,9,10,50,5,84,7.6,380.1,1417619,1421800,4181,3000,N
196,https://www.youtube.com/watch?v=V-9zuak7u0s,01/14/2024,Platinum,0:02:10,0:02:20,0:00:10,9,10,100,10,30,3.0,300.0,2716137,2719137,3000,3000,Y
197,https://www.youtube.com/watch?v=V-9zuak7u0s,01/14/2024,Platinum,0:04:56,0:05:06,0:00:10,11,12,180,15,34,3.4,612.0,175679,181799,6120,6000,Y
198,https://www.youtube.com/watch?v=V-9zuak7u0s,01/14/2024,Platinum,0:05:14,0:05:24,0:00:10,11,12,180,15,36,3.6,640.8,181799,188207,6408,6000,Y
199,https://www.youtube.com/watch?v=V-9zuak7u0s,01/14/2024,Platinum,0:05:58,0:06:08,0:00:10,11,12,120,10,51,5.0,606.0,188207,194267,6060,6000,Y
200,https://www.youtube.com/shorts/Gey_XVoCA60,02/10/2024,Platinum,0:00:10,0:00:20,0:00:10,9,10,70,7,114,11.4,797.6,2165592,2173568,7976,4500,N
201,https://www.youtube.com/shorts/pydebkR7ylM,03/25/2024,Gold,0:00:35,0:00:45,0:00:10,0,1,2,2,264,26.4,52.7,1312127,1312654,527,1000,Y
202,https://www.youtube.com/watch?v=kwUg8PgPpuI,01/11/2024,Platinum,0:00:10,0:00:20,0:00:10,11,12,60,5,87,8.7,523.1,3012425,3017656,5231,6500,N
203,https://www.youtube.com/watch?v=uYIXLxr4Aj4,01/21/2024,Platinum,0:00:00,0:00:10,0:00:10,9,10,20,2,129,12.9,258.2,7055782,7058364,2582,6000,N
204,https://www.youtube.com/watch?v=uYIXLxr4Aj4,01/21/2024,Platinum,0:05:05,0:05:15,0:00:10,9,10,70,7,172,17.2,1204.6,7079409,7091455,12046,6000,N
205,https://www.youtube.com/watch?v=uYIXLxr4Aj4,01/21/2024,Platinum,0:05:28,0:05:39,0:00:11,9,10,20,2,158,14.4,287.6,7091726,7094890,3164,6000,N
206,https://www.youtube.com/watch?v=uYIXLxr4Aj4,01/21/2024,Platinum,0:00:00,0:00:10,0:00:10,9,10,70,7,87,8.7,606.8,7094994,7101062,6068,6000,N
207,https://www.youtube.com/watch?v=IvG499Y4loM,01/12/2024,Bronze,0:02:22,0:02:32,0:00:10,0,1,6,6,64,6.4,38.5,5266,5651,385,1000,N
208,https://www.youtube.com/watch?v=IvG499Y4loM,01/12/2024,Bronze,0:04:10,0:04:20,0:00:10,2,3,15,5,116,11.6,173.5,2556,4291,1735,1500,N
209,https://www.youtube.com/watch?v=IvG499Y4loM,01/12/2024,Silver,0:08:02,0:08:13,0:00:11,6,7,35,5,107,9.8,341.8,21060,24820,3760,3500,N
210,https://www.youtube.com/watch?v=IvG499Y4loM,01/12/2024,Silver,0:09:10,0:09:20,0:00:10,6,7,35,5,76,7.6,267.4,28862,31536,2674,3500,N
211,https://www.youtube.com/watch?v=VtzcvbYfESw,01/15/2024,Bronze,0:00:43,0:00:53,0:00:10,0,1,10,10,77,7.7,77.0,25000,25770,770,1000,N
212,https://www.youtube.com/watch?v=VtzcvbYfESw,01/15/2024,Silver,0:04:15,0:04:25,0:00:10,4,5,50,10,85,8.5,423.1,7059,11290,4231,2500,N
213,https://www.youtube.com/watch?v=VtzcvbYfESw,01/15/2024,Silver,0:05:31,0:05:41,0:00:10,4,5,50,10,90,9.0,448.3,759,5242,4483,3000,N
214,https://www.youtube.com/watch?v=VtzcvbYfESw,01/15/2024,Silver,0:06:06,0:06:16,0:00:10,4,5,50,10,87,8.7,435.3,4229,8582,4353,3000,N
215,https://www.youtube.com/watch?v=gQLO8BITn9w,01/06/2024,Gold,0:00:01,0:00:11,0:00:10,14,15,750,50,66,6.6,4951.5,3520840,3570355,49515,8000,N
216,https://www.youtube.com/watch?v=gQLO8BITn9w,01/06/2024,Gold,0:00:24,0:00:34,0:00:10,14,15,75,5,113,11.3,844.5,3570430,3578875,8445,8000,N
217,https://www.youtube.com/watch?v=gQLO8BITn9w,01/06/2024,Gold,0:00:41,0:00:51,0:00:10,14,15,75,5,95,9.5,715.5,3578920,3586075,7155,8000,N
218,https://www.youtube.com/watch?v=gQLO8BITn9w,01/06/2024,Gold,0:01:08,0:01:18,0:00:10,14,15,75,5,94,9.4,705.9,3586165,3593224,7059,8000,N
219,https://www.youtube.com/watch?v=LssVqguvTHw,03/11/2024,Silver,0:01:17,0:01:27,0:00:10,0,1,2,2,116,11.6,23.1,30740,30971,231,1000,Y
220,https://www.youtube.com/watch?v=LssVqguvTHw,03/11/2024,Silver,0:01:45,0:01:55,0:00:10,0,1,7,7,104,10.4,72.6,31157,31883,726,1000,Y
221,https://www.youtube.com/watch?v=n5LzBDE-q6g,01/24/2024,Platinum,0:04:58,0:05:08,0:00:10,6,7,14,2,30,3.0,41.9,4213285,4213704,419,4000,N
222,https://www.youtube.com/shorts/oz0M4J6I2KU,01/31/2024,Gold,0:00:38,0:00:48,0:00:10,10,11,55,5,73,7.3,400.2,2428197,2432199,4002,7000,N